<?xml version = '1.0' encoding="UTF-8"?>
<!DOCTYPE toc PUBLIC "-//Sun Microsystems Inc.//DTD JavaHelp TOC Version 2.0//EN" "http://java.sun.com/products/javahelp/toc_2_0.dtd">
<toc xml:lang="zh_TW" version="2.0" categoryclosedimage="chapter" topicimage="topic">
  <tocitem text="WTC 擴充" target="intro">
    <tocitem text="我要如何..." target="blank">
      
    <tocitem text="建立 WTC 伺服器" target="wtc.CreateWTCServices"/>

    <tocitem text="刪除 WTC 伺服器" target="wtc.DeleteWTCServices"/>

    <tocitem text="定位 WTC 伺服器" target="wtc.AssignWTCServicesToServers"/>

    <tocitem text="繼續 WTC 服務" target="wtc.ResumeWTCServices"/>

    <tocitem text="暫停 WTC 服務" target="wtc.SuspendWTCServices"/>

    <tocitem text="啟動 WTC 伺服器連線" target="wtc.StartWTCServerConnections"/>

    <tocitem text="停止 WTC 伺服器連線" target="wtc.StopWTCServerConnections"/>

    <tocitem text="建立本機存取點" target="wtc.CreateLocalTuxedoAccessPoints"><tocitem text="設定本機存取點的連線" target="wtc.ConfigureConnectionAttributesForLocalTuxedoAccessPoints"/><tocitem text="設定本機存取點的安全性" target="wtc.ConfigureLocalTuxedoAccessPointSecurity"/><tocitem text="刪除本機存取點" target="wtc.DeleteLocalTuxedoAccessPoints"/></tocitem>

    <tocitem text="建立遠端存取點" target="wtc.CreateRemoteTuxedoAccessPoints"><tocitem text="設定遠端存取點的連線" target="wtc.ConfigureConnectionAttributesForRemoteTuxedoAccessPoints"/><tocitem text="設定遠端存取點的安全性" target="wtc.ConfigureRemoteTuxedoAccessPointSecurity"/><tocitem text="刪除遠端存取點" target="wtc.DeleteRemoteTuxedoAccessPoints"/></tocitem>

    <tocitem text="建立匯出服務" target="wtc.CreateExportedServices"/>

    <tocitem text="刪除匯出服務" target="wtc.DeleteExportedServices"/>

    <tocitem text="建立匯入服務" target="wtc.CreateImportedServices"/>

    <tocitem text="刪除匯入服務" target="wtc.DeleteImportedServices"/>

    <tocitem text="建立密碼組態" target="wtc.CreatePasswordConfigurations"/>

    <tocitem text="刪除密碼組態" target="wtc.DeletePasswordConfigurations"/>

    <tocitem text="建立資源" target="wtc.CreateResources"/>

    <tocitem text="刪除資源" target="wtc.RemoveResources"/>

    <tocitem text="建立佇列橋接器連線" target="wtc.CreateTuxedoQueuingBridgeConnections"><tocitem text="設定佇列橋接器的連線" target="wtc.ConfigureConnectionAttributesForTuxedoQueuingBridges"/><tocitem text="設定佇列橋接器的連線工廠" target="wtc.ConfigureConnectionFactoriesForTuxedoQueuingBridges"/><tocitem text="設定佇列橋接器的優先順序對應" target="wtc.ConfigurePriorityMappingForTuxedoQueuingBridgeConnections"/><tocitem text="刪除佇列橋接器連線" target="wtc.RemoveTuxedoQueuingBridgeConnections"/></tocitem>

    <tocitem text="建立 Tuxedo 佇列橋接器重新導向" target="wtc.CreateATuxedoQueuingBridgeRedirection"/>

    <tocitem text="刪除 Tuxedo 佇列橋接器重新導向" target="wtc.DeleteATuxedoQueuingBridgeRedirection"/>

  </tocitem>

    <tocitem text="WTC 參照" target="blank">
    
  <tocitem text="WTC 伺服器" target="WTCwtcserverwtcservertabletitle"/>

  <tocitem text="WTC 伺服器：組態：一般" target="WTCwtcserverwtcservergeneraltitle"><tocitem text="伺服器：服務：WTC" target="Corecoreserverserverserviceswtctitle"/><tocitem text="建立 WTC 伺服器" target="WTCwtcservercreatewtcservertitle"/><tocitem text="刪除 WTC 伺服器" target="WTCwtcserverdeletewtcservertitle"/><tocitem text="WTC 伺服器：組態：本機 AP" target="WTCwtcserverwtcservercontentslocaldomainstitle"><tocitem text="建立 WTC 本機 Tuxedo 存取點" target="WTCwtclocaltuxdomcreatewtclocaltuxdomtitle"/><tocitem text="刪除 WTC 本機 Tuxedo 存取點" target="WTCwtclocaltuxdomdeletewtclocaltuxdomtitle"/><tocitem text="本機 Tuxedo 存取點：一般" target="WTCwtclocaltuxdomwtclocaltuxdomgeneraltitle"/><tocitem text="本機 Tuxedo 存取點：連線" target="WTCwtclocaltuxdomwtclocaltuxdomconnectionstitle"/><tocitem text="本機 Tuxedo 存取點：安全" target="WTCwtclocaltuxdomwtclocaltuxdomsecuritytitle"/></tocitem><tocitem text="WTC 伺服器：組態：遠端 AP" target="WTCwtcserverwtcservercontentsremotedomainstitle"><tocitem text="建立 WTC 遠端 Tuxedo 存取點" target="WTCwtcremotetuxdomcreatewtcremotetuxdomtitle"/><tocitem text="刪除 WTC 遠端 Tuxedo 存取點" target="WTCwtcremotetuxdomdeletewtcremotetuxdomtitle"/><tocitem text="遠端 Tuxedo 存取點：一般" target="WTCwtcremotetuxdomwtcremotetuxdomgeneraltitle"/><tocitem text="遠端 Tuxedo 存取點：連線" target="WTCwtcremotetuxdomwtcremotetuxdomconnectionstitle"/><tocitem text="遠端 Tuxedo 存取點：安全" target="WTCwtcremotetuxdomwtcremotetuxdomsecuritytitle"/></tocitem><tocitem text="WTC 伺服器：組態：匯出" target="WTCwtcserverwtcservercontentsexportedtitle"><tocitem text="建立 WTC 匯出服務" target="WTCwtcexportscreatewtcexporttitle"/><tocitem text="刪除 WTC 匯出服務" target="WTCwtcexportsdeletewtcexporttitle"/><tocitem text="匯出服務：一般" target="WTCwtcexportswtcexportgeneraltitle"/></tocitem><tocitem text="WTC 伺服器：組態：匯入" target="WTCwtcserverwtcservercontentsimportedtitle"><tocitem text="建立 WTC 匯入服務" target="WTCwtcimportscreatewtcimporttitle"/><tocitem text="刪除 WTC 匯入服務" target="WTCwtcimportsdeletewtcimporttitle"/><tocitem text="匯入服務：一般" target="WTCwtcimportswtcimportgeneraltitle"/></tocitem><tocitem text="WTC 伺服器：組態：密碼" target="WTCwtcserverwtcservercontentspasswordstitle"><tocitem text="建立 WTC 密碼組態" target="WTCwtcpasswordcreatewtcpasswordtitle"/><tocitem text="刪除 WTC 密碼" target="WTCwtcpassworddeletewtcpasswordtitle"/><tocitem text="密碼：組態" target="WTCwtcpasswordwtcpasswordconfigtitle"/></tocitem><tocitem text="WTC 伺服器：組態：資源" target="WTCwtcserverwtcservercontentsresourcestitle"><tocitem text="建立 WTC 資源組態" target="WTCwtcresourcescreatewtcresourcetitle"/><tocitem text="刪除 WTC 資源組態" target="WTCwtcresourcesdeletewtcresourcetitle"/><tocitem text="資源：組態" target="WTCwtcresourceswtcresourcesconfigtitle"/></tocitem><tocitem text="WTC 伺服器：組態：佇列橋接器" target="WTCwtcserverwtcservercontentsqueuingbridgetitle"><tocitem text="建立 WTC 佇列橋接器連線" target="WTCwtctbridgecreatewtctbridgeglobaltitle"/><tocitem text="刪除 WTC 佇列橋接器連線" target="WTCwtctbridgedeletewtctbridgeglobaltitle"/><tocitem text="佇列橋接器：一般" target="WTCwtctbridgewtctbridgeglobalgeneraltitle"/><tocitem text="佇列橋接器：連線" target="WTCwtctbridgewtctbridgeglobalconnectionstitle"/><tocitem text="佇列橋接器：工廠" target="WTCwtctbridgewtctbridgeglobalfactoriestitle"/><tocitem text="佇列橋接器：優先順序對應" target="WTCwtctbridgewtctbridgeglobalprioritiestitle"/></tocitem><tocitem text="WTC 伺服器：組態：重新導向" target="WTCwtcserverwtcservercontentsredirectstitle"><tocitem text="建立 WTC 佇列橋接器重新導向" target="WTCwtctbridgecreatewtctbridgeredirecttitle"/><tocitem text="刪除 WTC 佇列橋接器重新導向" target="WTCwtctbridgedeletewtctbridgeredirecttitle"/><tocitem text="重新導向：一般" target="WTCwtctbridgewtctbridgeredirectgeneraltitle"/></tocitem></tocitem>

  <tocitem text="WTC 伺服器：控制：服務" target="WTCwtcserverwtcservercontrolservicestitle"/>

  <tocitem text="WTC 伺服器：控制：連線" target="WTCwtcserverwtcservercontrolconnectionstitle"/>

  <tocitem text="WTC 伺服器：目標" target="WTCwtcserverwtcservertargetdeploytitle"/>

  <tocitem text="WTC 伺服器：備註" target="WTCwtcserverwtcservernotestitle"/>

  </tocitem>
  </tocitem>
</toc>
