<?xml version = '1.0' encoding="UTF-8"?>
<!DOCTYPE toc PUBLIC "-//Sun Microsystems Inc.//DTD JavaHelp TOC Version 2.0//EN" "http://java.sun.com/products/javahelp/toc_2_0.dtd">
<toc xml:lang="ko" version="2.0" categoryclosedimage="chapter" topicimage="topic">
  <tocitem text="WTC 확장" target="intro">
    <tocitem text="방법..." target="blank">
      
    <tocitem text="WTC 서버 생성" target="wtc.CreateWTCServices"/>

    <tocitem text="WTC 서버 삭제" target="wtc.DeleteWTCServices"/>

    <tocitem text="WTC 서버를 대상으로 지정" target="wtc.AssignWTCServicesToServers"/>

    <tocitem text="WTC 서비스 재개" target="wtc.ResumeWTCServices"/>

    <tocitem text="WTC 서비스 일시 중지" target="wtc.SuspendWTCServices"/>

    <tocitem text="WTC 서버 접속 시작" target="wtc.StartWTCServerConnections"/>

    <tocitem text="WTC 서버 접속 중지" target="wtc.StopWTCServerConnections"/>

    <tocitem text="로컬 액세스 지점 생성" target="wtc.CreateLocalTuxedoAccessPoints"><tocitem text="로컬 액세스 지점에 대한 접속 구성" target="wtc.ConfigureConnectionAttributesForLocalTuxedoAccessPoints"/><tocitem text="로컬 액세스 지점에 대한 보안 구성" target="wtc.ConfigureLocalTuxedoAccessPointSecurity"/><tocitem text="로컬 액세스 지점 삭제" target="wtc.DeleteLocalTuxedoAccessPoints"/></tocitem>

    <tocitem text="원격 액세스 지점 생성" target="wtc.CreateRemoteTuxedoAccessPoints"><tocitem text="원격 액세스 지점에 대한 접속 구성" target="wtc.ConfigureConnectionAttributesForRemoteTuxedoAccessPoints"/><tocitem text="원격 액세스 지점에 대한 보안 구성" target="wtc.ConfigureRemoteTuxedoAccessPointSecurity"/><tocitem text="원격 액세스 지점 삭제" target="wtc.DeleteRemoteTuxedoAccessPoints"/></tocitem>

    <tocitem text="익스포트한 서비스 생성" target="wtc.CreateExportedServices"/>

    <tocitem text="익스포트한 서비스 삭제" target="wtc.DeleteExportedServices"/>

    <tocitem text="임포트한 서비스 생성" target="wtc.CreateImportedServices"/>

    <tocitem text="임포트한 서비스 삭제" target="wtc.DeleteImportedServices"/>

    <tocitem text="비밀번호 구성 생성" target="wtc.CreatePasswordConfigurations"/>

    <tocitem text="비밀번호 구성 삭제" target="wtc.DeletePasswordConfigurations"/>

    <tocitem text="리소스 생성" target="wtc.CreateResources"/>

    <tocitem text="리소스 삭제" target="wtc.RemoveResources"/>

    <tocitem text="대기 중 브리지 접속 생성" target="wtc.CreateTuxedoQueuingBridgeConnections"><tocitem text="대기 중 브리지에 대한 접속 구성" target="wtc.ConfigureConnectionAttributesForTuxedoQueuingBridges"/><tocitem text="대기 중 브리지에 대한 접속 팩토리 구성" target="wtc.ConfigureConnectionFactoriesForTuxedoQueuingBridges"/><tocitem text="대기 중 브리지에 대한 우선순위 매핑 구성" target="wtc.ConfigurePriorityMappingForTuxedoQueuingBridgeConnections"/><tocitem text="대기 중 브리지 접속 삭제" target="wtc.RemoveTuxedoQueuingBridgeConnections"/></tocitem>

    <tocitem text="Tuxedo 대기 중 브리지 재지정 생성" target="wtc.CreateATuxedoQueuingBridgeRedirection"/>

    <tocitem text="Tuxedo 대기 중 브리지 재지정 삭제" target="wtc.DeleteATuxedoQueuingBridgeRedirection"/>

  </tocitem>

    <tocitem text="WTC 참조" target="blank">
    
  <tocitem text="WTC 서버" target="WTCwtcserverwtcservertabletitle"/>

  <tocitem text="WTC 서버: 구성: 일반" target="WTCwtcserverwtcservergeneraltitle"><tocitem text="서버: 서비스: WTC" target="Corecoreserverserverserviceswtctitle"/><tocitem text="새 WTC 서버 생성" target="WTCwtcservercreatewtcservertitle"/><tocitem text="WTC 서버 삭제" target="WTCwtcserverdeletewtcservertitle"/><tocitem text="WTC 서버: 구성: 로컬 AP" target="WTCwtcserverwtcservercontentslocaldomainstitle"><tocitem text="WTC 로컬 Tuxedo 액세스 지점 생성" target="WTCwtclocaltuxdomcreatewtclocaltuxdomtitle"/><tocitem text="WTC 로컬 Tuxedo 액세스 지점 삭제" target="WTCwtclocaltuxdomdeletewtclocaltuxdomtitle"/><tocitem text="로컬 Tuxedo 액세스 지점: 일반" target="WTCwtclocaltuxdomwtclocaltuxdomgeneraltitle"/><tocitem text="로컬 Tuxedo 액세스 지점: 접속" target="WTCwtclocaltuxdomwtclocaltuxdomconnectionstitle"/><tocitem text="로컬 Tuxedo 액세스 지점: 보안" target="WTCwtclocaltuxdomwtclocaltuxdomsecuritytitle"/></tocitem><tocitem text="WTC 서버: 구성: 원격 AP" target="WTCwtcserverwtcservercontentsremotedomainstitle"><tocitem text="WTC 원격 Tuxedo 액세스 지점 생성" target="WTCwtcremotetuxdomcreatewtcremotetuxdomtitle"/><tocitem text="WTC 원격 Tuxedo 액세스 지점 삭제" target="WTCwtcremotetuxdomdeletewtcremotetuxdomtitle"/><tocitem text="원격 Tuxedo 액세스 지점: 일반" target="WTCwtcremotetuxdomwtcremotetuxdomgeneraltitle"/><tocitem text="원격 Tuxedo 액세스 지점: 접속" target="WTCwtcremotetuxdomwtcremotetuxdomconnectionstitle"/><tocitem text="원격 Tuxedo 액세스 지점: 보안" target="WTCwtcremotetuxdomwtcremotetuxdomsecuritytitle"/></tocitem><tocitem text="WTC 서버: 구성: 익스포트됨" target="WTCwtcserverwtcservercontentsexportedtitle"><tocitem text="WTC 익스포트한 서비스 생성" target="WTCwtcexportscreatewtcexporttitle"/><tocitem text="WTC 익스포트한 서비스 삭제" target="WTCwtcexportsdeletewtcexporttitle"/><tocitem text="익스포트한 서비스: 일반" target="WTCwtcexportswtcexportgeneraltitle"/></tocitem><tocitem text="WTC 서버: 구성: 임포트됨" target="WTCwtcserverwtcservercontentsimportedtitle"><tocitem text="WTC 임포트한 서비스 생성" target="WTCwtcimportscreatewtcimporttitle"/><tocitem text="WTC 임포트한 서비스 삭제" target="WTCwtcimportsdeletewtcimporttitle"/><tocitem text="임포트한 서비스: 일반" target="WTCwtcimportswtcimportgeneraltitle"/></tocitem><tocitem text="WTC 서버: 구성: 비밀번호" target="WTCwtcserverwtcservercontentspasswordstitle"><tocitem text="WTC 비밀번호 구성 생성" target="WTCwtcpasswordcreatewtcpasswordtitle"/><tocitem text="WTC 비밀번호 삭제" target="WTCwtcpassworddeletewtcpasswordtitle"/><tocitem text="비밀번호: 구성" target="WTCwtcpasswordwtcpasswordconfigtitle"/></tocitem><tocitem text="WTC 서버: 구성: 리소스" target="WTCwtcserverwtcservercontentsresourcestitle"><tocitem text="WTC 리소스 구성 생성" target="WTCwtcresourcescreatewtcresourcetitle"/><tocitem text="WTC 리소스 구성 삭제" target="WTCwtcresourcesdeletewtcresourcetitle"/><tocitem text="리소스: 구성" target="WTCwtcresourceswtcresourcesconfigtitle"/></tocitem><tocitem text="WTC 서버: 구성: 대기 중 브리지" target="WTCwtcserverwtcservercontentsqueuingbridgetitle"><tocitem text="WTC 대기 중 브리지 접속 생성" target="WTCwtctbridgecreatewtctbridgeglobaltitle"/><tocitem text="WTC 대기 중 브리지 접속 삭제" target="WTCwtctbridgedeletewtctbridgeglobaltitle"/><tocitem text="대기 중 브리지: 일반" target="WTCwtctbridgewtctbridgeglobalgeneraltitle"/><tocitem text="대기 중 브리지: 접속" target="WTCwtctbridgewtctbridgeglobalconnectionstitle"/><tocitem text="대기 중 브리지: 팩토리" target="WTCwtctbridgewtctbridgeglobalfactoriestitle"/><tocitem text="대기 중 브리지: 우선순위 매핑" target="WTCwtctbridgewtctbridgeglobalprioritiestitle"/></tocitem><tocitem text="WTC 서버: 구성: 재지정" target="WTCwtcserverwtcservercontentsredirectstitle"><tocitem text="WTC 대기 중 브리지 재지정 생성" target="WTCwtctbridgecreatewtctbridgeredirecttitle"/><tocitem text="WTC 대기 중 브리지 재지정 삭제" target="WTCwtctbridgedeletewtctbridgeredirecttitle"/><tocitem text="재지정: 일반" target="WTCwtctbridgewtctbridgeredirectgeneraltitle"/></tocitem></tocitem>

  <tocitem text="WTC 서버: 콘트롤: 서비스" target="WTCwtcserverwtcservercontrolservicestitle"/>

  <tocitem text="WTC 서버: 콘트롤: 접속" target="WTCwtcserverwtcservercontrolconnectionstitle"/>

  <tocitem text="WTC 서버: 대상" target="WTCwtcserverwtcservertargetdeploytitle"/>

  <tocitem text="WTC 서버: 메모" target="WTCwtcserverwtcservernotestitle"/>

  </tocitem>
  </tocitem>
</toc>
