<?xml version = '1.0' encoding="UTF-8"?>
<!DOCTYPE toc PUBLIC "-//Sun Microsystems Inc.//DTD JavaHelp TOC Version 2.0//EN" "http://java.sun.com/products/javahelp/toc_2_0.dtd">
<toc xml:lang="it" version="2.0" categoryclosedimage="chapter" topicimage="topic">
  <tocitem text="Estensione WTC" target="intro">
    <tocitem text="Come..." target="blank">
      
    <tocitem text="Creazione dei server WTC" target="wtc.CreateWTCServices"/>

    <tocitem text="Eliminazione dei server WTC" target="wtc.DeleteWTCServices"/>

    <tocitem text="Definizione dei server WTC di destinazione" target="wtc.AssignWTCServicesToServers"/>

    <tocitem text="Riprendi i servizi WTC" target="wtc.ResumeWTCServices"/>

    <tocitem text="Sospendi i servizi WTC" target="wtc.SuspendWTCServices"/>

    <tocitem text="Avvia connessioni al server WTC" target="wtc.StartWTCServerConnections"/>

    <tocitem text="Arresta connessioni al server WTC" target="wtc.StopWTCServerConnections"/>

    <tocitem text="Crea punti di accesso locali" target="wtc.CreateLocalTuxedoAccessPoints"><tocitem text="Configurazione delle connessioni per punti di accesso locali" target="wtc.ConfigureConnectionAttributesForLocalTuxedoAccessPoints"/><tocitem text="Configurazione della sicurezza per punti di accesso locali" target="wtc.ConfigureLocalTuxedoAccessPointSecurity"/><tocitem text="Eliminazione dei punti di accesso locali" target="wtc.DeleteLocalTuxedoAccessPoints"/></tocitem>

    <tocitem text="Crea punti di accesso remoti" target="wtc.CreateRemoteTuxedoAccessPoints"><tocitem text="Configurazione delle connessioni per punti di accesso remoti" target="wtc.ConfigureConnectionAttributesForRemoteTuxedoAccessPoints"/><tocitem text="Configurazione della sicurezza per punti di accesso remoti" target="wtc.ConfigureRemoteTuxedoAccessPointSecurity"/><tocitem text="Eliminazione dei punti di accesso remoti" target="wtc.DeleteRemoteTuxedoAccessPoints"/></tocitem>

    <tocitem text="Crea servizi esportati" target="wtc.CreateExportedServices"/>

    <tocitem text="Elimina servizi esportati" target="wtc.DeleteExportedServices"/>

    <tocitem text="Crea servizi importati" target="wtc.CreateImportedServices"/>

    <tocitem text="Elimina servizi importati" target="wtc.DeleteImportedServices"/>

    <tocitem text="Crea configurazioni password" target="wtc.CreatePasswordConfigurations"/>

    <tocitem text="Elimina configurazioni password" target="wtc.DeletePasswordConfigurations"/>

    <tocitem text="Crea risorse" target="wtc.CreateResources"/>

    <tocitem text="Elimina risorse" target="wtc.RemoveResources"/>

    <tocitem text="Crea connessioni bridge di accodamento" target="wtc.CreateTuxedoQueuingBridgeConnections"><tocitem text="Configura connessioni per bridge di accodamento" target="wtc.ConfigureConnectionAttributesForTuxedoQueuingBridges"/><tocitem text="Configura Connection Factory per bridge di accodamento" target="wtc.ConfigureConnectionFactoriesForTuxedoQueuingBridges"/><tocitem text="Configura mapping priorità per bridge di accodamento" target="wtc.ConfigurePriorityMappingForTuxedoQueuingBridgeConnections"/><tocitem text="Elimina connessioni bridge di accodamento" target="wtc.RemoveTuxedoQueuingBridgeConnections"/></tocitem>

    <tocitem text="Crea reindirizzamenti bridge di accodamento" target="wtc.CreateATuxedoQueuingBridgeRedirection"/>

    <tocitem text="Elimina reindirizzamenti bridge di accodamento" target="wtc.DeleteATuxedoQueuingBridgeRedirection"/>

  </tocitem>

    <tocitem text="Riferimento WTC" target="blank">
    
  <tocitem text="Server WTC" target="WTCwtcserverwtcservertabletitle"/>

  <tocitem text="Server WTC: Configurazione: Generale" target="WTCwtcserverwtcservergeneraltitle"><tocitem text="Server: Servizi: WTC" target="Corecoreserverserverserviceswtctitle"/><tocitem text="Crea un server WTC" target="WTCwtcservercreatewtcservertitle"/><tocitem text="Elimina un server WTC" target="WTCwtcserverdeletewtcservertitle"/><tocitem text="Server WTC: Configurazione: Punti di accesso locali" target="WTCwtcserverwtcservercontentslocaldomainstitle"><tocitem text="Crea un punto di accesso Tuxedo locale WTC" target="WTCwtclocaltuxdomcreatewtclocaltuxdomtitle"/><tocitem text="Elimina un punto di accesso Tuxedo locale WTC" target="WTCwtclocaltuxdomdeletewtclocaltuxdomtitle"/><tocitem text="Punti di accesso Tuxedo locali: Generale" target="WTCwtclocaltuxdomwtclocaltuxdomgeneraltitle"/><tocitem text="Punti di accesso Tuxedo locali: Connessioni" target="WTCwtclocaltuxdomwtclocaltuxdomconnectionstitle"/><tocitem text="Punti di accesso Tuxedo locali: Sicurezza" target="WTCwtclocaltuxdomwtclocaltuxdomsecuritytitle"/></tocitem><tocitem text="Server WTC: Configurazione: Punti di accesso remoti" target="WTCwtcserverwtcservercontentsremotedomainstitle"><tocitem text="Crea un punto di accesso Tuxedo remoto WTC" target="WTCwtcremotetuxdomcreatewtcremotetuxdomtitle"/><tocitem text="Elimina un punto di accesso Tuxedo remoto WTC" target="WTCwtcremotetuxdomdeletewtcremotetuxdomtitle"/><tocitem text="Punti di accesso Tuxedo remoti: Generale" target="WTCwtcremotetuxdomwtcremotetuxdomgeneraltitle"/><tocitem text="Punti di accesso Tuxedo remoti: Connessioni" target="WTCwtcremotetuxdomwtcremotetuxdomconnectionstitle"/><tocitem text="Punti di accesso Tuxedo remoti: Sicurezza" target="WTCwtcremotetuxdomwtcremotetuxdomsecuritytitle"/></tocitem><tocitem text="Server WTC: Configurazione: Esportato" target="WTCwtcserverwtcservercontentsexportedtitle"><tocitem text="Crea un servizio esportato WTC" target="WTCwtcexportscreatewtcexporttitle"/><tocitem text="Elimina un servizio esportato WTC" target="WTCwtcexportsdeletewtcexporttitle"/><tocitem text="Servizi esportati: Generale" target="WTCwtcexportswtcexportgeneraltitle"/></tocitem><tocitem text="Server WTC: Configurazione: Importato" target="WTCwtcserverwtcservercontentsimportedtitle"><tocitem text="Crea un servizio importato WTC" target="WTCwtcimportscreatewtcimporttitle"/><tocitem text="Elimina un servizio importato WTC" target="WTCwtcimportsdeletewtcimporttitle"/><tocitem text="Servizi importati: Generale" target="WTCwtcimportswtcimportgeneraltitle"/></tocitem><tocitem text="Server WTC: Configurazione: Password" target="WTCwtcserverwtcservercontentspasswordstitle"><tocitem text="Crea una nuova configurazione password WTC" target="WTCwtcpasswordcreatewtcpasswordtitle"/><tocitem text="Elimina una password WTC" target="WTCwtcpassworddeletewtcpasswordtitle"/><tocitem text="Password: Configurazione" target="WTCwtcpasswordwtcpasswordconfigtitle"/></tocitem><tocitem text="Server WTC: Configurazione: Risorse" target="WTCwtcserverwtcservercontentsresourcestitle"><tocitem text="Crea una nuova configurazione risorsa WTC" target="WTCwtcresourcescreatewtcresourcetitle"/><tocitem text="Elimina una configurazione risorsa WTC" target="WTCwtcresourcesdeletewtcresourcetitle"/><tocitem text="Risorse: Configurazione" target="WTCwtcresourceswtcresourcesconfigtitle"/></tocitem><tocitem text="Server WTC: Configurazione: Bridge di accodamento" target="WTCwtcserverwtcservercontentsqueuingbridgetitle"><tocitem text="Crea una nuova connessione bridge di accodamento WTC" target="WTCwtctbridgecreatewtctbridgeglobaltitle"/><tocitem text="Elimina una connessione bridge di accodamento" target="WTCwtctbridgedeletewtctbridgeglobaltitle"/><tocitem text="Bridge di accodamento: Generale" target="WTCwtctbridgewtctbridgeglobalgeneraltitle"/><tocitem text="Bridge di accodamento: Connessioni" target="WTCwtctbridgewtctbridgeglobalconnectionstitle"/><tocitem text="Bridge di accodamento: Factory" target="WTCwtctbridgewtctbridgeglobalfactoriestitle"/><tocitem text="Bridge di accodamento: Mapping priorità" target="WTCwtctbridgewtctbridgeglobalprioritiestitle"/></tocitem><tocitem text="Server WTC: Configurazione: Reindirizzamenti" target="WTCwtcserverwtcservercontentsredirectstitle"><tocitem text="Crea un nuovo reindirizzamento bridge di accodamento WTC" target="WTCwtctbridgecreatewtctbridgeredirecttitle"/><tocitem text="Elimina un reindirizzamento bridge di accodamento WTC" target="WTCwtctbridgedeletewtctbridgeredirecttitle"/><tocitem text="Reindirizzamento: Generale" target="WTCwtctbridgewtctbridgeredirectgeneraltitle"/></tocitem></tocitem>

  <tocitem text="Server WTC: Controllo: Servizi" target="WTCwtcserverwtcservercontrolservicestitle"/>

  <tocitem text="Server WTC: Controllo: Connessioni" target="WTCwtcserverwtcservercontrolconnectionstitle"/>

  <tocitem text="Server WTC: Destinazioni" target="WTCwtcserverwtcservertargetdeploytitle"/>

  <tocitem text="Server WTC: Note" target="WTCwtcserverwtcservernotestitle"/>

  </tocitem>
  </tocitem>
</toc>
