<?xml version = '1.0' encoding="UTF-8"?>
<!DOCTYPE toc PUBLIC "-//Sun Microsystems Inc.//DTD JavaHelp TOC Version 2.0//EN" "http://java.sun.com/products/javahelp/toc_2_0.dtd">
<toc xml:lang="de" version="2.0" categoryclosedimage="chapter" topicimage="topic">
  <tocitem text="WTC-Erweiterung" target="intro">
    <tocitem text="Wie kann man?" target="blank">
      
    <tocitem text="WTC-Server erstellen" target="wtc.CreateWTCServices"/>

    <tocitem text="WTC-Server löschen" target="wtc.DeleteWTCServices"/>

    <tocitem text="WTC-Server als Ziel festlegen" target="wtc.AssignWTCServicesToServers"/>

    <tocitem text="WTC-Services neu starten" target="wtc.ResumeWTCServices"/>

    <tocitem text="WTC-Services unterbrechen" target="wtc.SuspendWTCServices"/>

    <tocitem text="WTC-Serververbindungen starten" target="wtc.StartWTCServerConnections"/>

    <tocitem text="WTC-Serververbindungen stoppen" target="wtc.StopWTCServerConnections"/>

    <tocitem text="Lokale Zugriffspunkte erstellen" target="wtc.CreateLocalTuxedoAccessPoints"><tocitem text="Verbindungen für lokale Zugriffspunkte konfigurieren" target="wtc.ConfigureConnectionAttributesForLocalTuxedoAccessPoints"/><tocitem text="Sicherheit für lokale Zugriffspunkte konfigurieren" target="wtc.ConfigureLocalTuxedoAccessPointSecurity"/><tocitem text="Lokale Zugriffspunkte löschen" target="wtc.DeleteLocalTuxedoAccessPoints"/></tocitem>

    <tocitem text="Remote-Zugriffspunkte erstellen" target="wtc.CreateRemoteTuxedoAccessPoints"><tocitem text="Verbindungen für Remote-Zugriffspunkte konfigurieren" target="wtc.ConfigureConnectionAttributesForRemoteTuxedoAccessPoints"/><tocitem text="Sicherheit für Remote-Zugriffspunkte konfigurieren" target="wtc.ConfigureRemoteTuxedoAccessPointSecurity"/><tocitem text="Remote-Zugriffspunkte löschen" target="wtc.DeleteRemoteTuxedoAccessPoints"/></tocitem>

    <tocitem text="Exportierte Services erstellen" target="wtc.CreateExportedServices"/>

    <tocitem text="Exportierte Services löschen" target="wtc.DeleteExportedServices"/>

    <tocitem text="Importierte Services erstellen" target="wtc.CreateImportedServices"/>

    <tocitem text="Importierte Services löschen" target="wtc.DeleteImportedServices"/>

    <tocitem text="Kennwortkonfigurationen erstellen" target="wtc.CreatePasswordConfigurations"/>

    <tocitem text="Konfiguration für das Löschen von Kennwörtern" target="wtc.DeletePasswordConfigurations"/>

    <tocitem text="Ressourcen erstellen" target="wtc.CreateResources"/>

    <tocitem text="Ressourcen löschen" target="wtc.RemoveResources"/>

    <tocitem text="Queuing Bridge-Verbindungen erstellen" target="wtc.CreateTuxedoQueuingBridgeConnections"><tocitem text="Verbindungen für Queuing Bridges konfigurieren" target="wtc.ConfigureConnectionAttributesForTuxedoQueuingBridges"/><tocitem text="Connection Factorys für Queuing Bridges konfigurieren" target="wtc.ConfigureConnectionFactoriesForTuxedoQueuingBridges"/><tocitem text="Prioritätszuordnungen für Queuing Bridges konfigurieren" target="wtc.ConfigurePriorityMappingForTuxedoQueuingBridgeConnections"/><tocitem text="Queuing Bridge-Verbindungen löschen" target="wtc.RemoveTuxedoQueuingBridgeConnections"/></tocitem>

    <tocitem text="Tuxedo Queuing Bridge-Umleitungen erstellen" target="wtc.CreateATuxedoQueuingBridgeRedirection"/>

    <tocitem text="Tuxedo Queuing Bridge-Umleitungen löschen" target="wtc.DeleteATuxedoQueuingBridgeRedirection"/>

  </tocitem>

    <tocitem text="WTC-Referenz" target="blank">
    
  <tocitem text="WTC-Server" target="WTCwtcserverwtcservertabletitle"/>

  <tocitem text="WTC-Server: Konfiguration: Allgemein" target="WTCwtcserverwtcservergeneraltitle"><tocitem text="Server: Services: WTC" target="Corecoreserverserverserviceswtctitle"/><tocitem text="WTC-Server erstellen" target="WTCwtcservercreatewtcservertitle"/><tocitem text="WTC-Server löschen" target="WTCwtcserverdeletewtcservertitle"/><tocitem text="WTC-Server: Konfiguration: Lokale Zugriffspunkte" target="WTCwtcserverwtcservercontentslocaldomainstitle"><tocitem text="Lokalen WTC-Zugriffspunkt erstellen" target="WTCwtclocaltuxdomcreatewtclocaltuxdomtitle"/><tocitem text="Lokalen WTC-Zugriffspunkt löschen" target="WTCwtclocaltuxdomdeletewtclocaltuxdomtitle"/><tocitem text="Lokale Tuxedo-Zugriffspunkte: Allgemein" target="WTCwtclocaltuxdomwtclocaltuxdomgeneraltitle"/><tocitem text="Lokale Tuxedo-Zugriffspunkte – Verbindungen" target="WTCwtclocaltuxdomwtclocaltuxdomconnectionstitle"/><tocitem text="Lokale Tuxedo-Zugriffspunkte – Sicherheit" target="WTCwtclocaltuxdomwtclocaltuxdomsecuritytitle"/></tocitem><tocitem text="WTC-Server: Konfiguration: Remote-Zugriffspunkte" target="WTCwtcserverwtcservercontentsremotedomainstitle"><tocitem text="Remote-WTC-Zugriffspunkt erstellen" target="WTCwtcremotetuxdomcreatewtcremotetuxdomtitle"/><tocitem text="Remote-WTC-Zugriffspunkt löschen" target="WTCwtcremotetuxdomdeletewtcremotetuxdomtitle"/><tocitem text="Remote Tuxedo Access Points: Allgemein" target="WTCwtcremotetuxdomwtcremotetuxdomgeneraltitle"/><tocitem text="Remote-Tuxedo-Zugriffspunkte: Verbindungen" target="WTCwtcremotetuxdomwtcremotetuxdomconnectionstitle"/><tocitem text="Remote Tuxedo-Zugriffspunkte: Sicherheit" target="WTCwtcremotetuxdomwtcremotetuxdomsecuritytitle"/></tocitem><tocitem text="WTC-Server: Konfiguration: Exportiert" target="WTCwtcserverwtcservercontentsexportedtitle"><tocitem text="Exportierten WTC-Service erstellen" target="WTCwtcexportscreatewtcexporttitle"/><tocitem text="Exportierte WTC-Services löschen" target="WTCwtcexportsdeletewtcexporttitle"/><tocitem text="Exportierte Services: Allgemein" target="WTCwtcexportswtcexportgeneraltitle"/></tocitem><tocitem text="WTC-Server: Konfiguration: Importiert" target="WTCwtcserverwtcservercontentsimportedtitle"><tocitem text="WTC-importierten Service erstellen" target="WTCwtcimportscreatewtcimporttitle"/><tocitem text="Importierte WTC-Services löschen" target="WTCwtcimportsdeletewtcimporttitle"/><tocitem text="Importierte Services: Allgemein" target="WTCwtcimportswtcimportgeneraltitle"/></tocitem><tocitem text="WTC-Server: Konfiguration: Kennwörter" target="WTCwtcserverwtcservercontentspasswordstitle"><tocitem text="WTC-Kennwortkonfiguration erstellen" target="WTCwtcpasswordcreatewtcpasswordtitle"/><tocitem text="Ein WTC-Kennwort löschen" target="WTCwtcpassworddeletewtcpasswordtitle"/><tocitem text="Kennwörter: Konfiguration" target="WTCwtcpasswordwtcpasswordconfigtitle"/></tocitem><tocitem text="WTC-Server: Konfiguration: Ressourcen" target="WTCwtcserverwtcservercontentsresourcestitle"><tocitem text="WTC-Ressourcenkonfiguration erstellen" target="WTCwtcresourcescreatewtcresourcetitle"/><tocitem text="WTC-Ressourcenkonfiguration löschen" target="WTCwtcresourcesdeletewtcresourcetitle"/><tocitem text="Ressourcen: Konfiguration" target="WTCwtcresourceswtcresourcesconfigtitle"/></tocitem><tocitem text="WTC-Server: Konfiguration: Queuing Bridge" target="WTCwtcserverwtcservercontentsqueuingbridgetitle"><tocitem text="WTC Queuing Bridge-Verbindungen erstellen" target="WTCwtctbridgecreatewtctbridgeglobaltitle"/><tocitem text="WTC-Queuing Bridge-Verbindung löschen" target="WTCwtctbridgedeletewtctbridgeglobaltitle"/><tocitem text="Queuing Bridge: Allgemein" target="WTCwtctbridgewtctbridgeglobalgeneraltitle"/><tocitem text="Queuing Bridge: Verbindungen" target="WTCwtctbridgewtctbridgeglobalconnectionstitle"/><tocitem text="Queuing Bridge: Factorys" target="WTCwtctbridgewtctbridgeglobalfactoriestitle"/><tocitem text="Queuing Bridge: Prioritätszuordnung" target="WTCwtctbridgewtctbridgeglobalprioritiestitle"/></tocitem><tocitem text="WTC-Server: Konfiguration: Umleitungen" target="WTCwtcserverwtcservercontentsredirectstitle"><tocitem text="Eine Umleitung auf Basis von WTC Queueing Bridge erstellen" target="WTCwtctbridgecreatewtctbridgeredirecttitle"/><tocitem text="WTC-Queuing Bridge-Umleitung löschen" target="WTCwtctbridgedeletewtctbridgeredirecttitle"/><tocitem text="Umleitung: Allgemein" target="WTCwtctbridgewtctbridgeredirectgeneraltitle"/></tocitem></tocitem>

  <tocitem text="WTC-Server: Steuerung: Services" target="WTCwtcserverwtcservercontrolservicestitle"/>

  <tocitem text="WTC-Server: Steuerung: Verbindungen" target="WTCwtcserverwtcservercontrolconnectionstitle"/>

  <tocitem text="WTC-Server: Ziele" target="WTCwtcserverwtcservertargetdeploytitle"/>

  <tocitem text="WTC-Server: Hinweise" target="WTCwtcserverwtcservernotestitle"/>

  </tocitem>
  </tocitem>
</toc>
