<?xml version="1.0" encoding="UTF-8"?>
<jam-service><class><name>weblogic.wsee.async.AsyncResponseBeanSoap12</name><is-interface>false</is-interface><modifiers>1</modifiers><superclass>weblogic.wsee.async.AsyncResponseBean</superclass><constructor><modifiers>1</modifiers><source-position><line>25</line><column>8</column></source-position></constructor><annotation><name>weblogic.jws.Binding</name><annotation-value><name>value</name><type>weblogic.jws.Binding$Type</type><value>SOAP12</value></annotation-value></annotation><annotation><name>author</name><annotation-value><name>value</name><type>java.lang.String</type><value>Copyright (c) 2003-2008 Oracle Corporation</value></annotation-value></annotation><annotation><name>javax.jws.WebService</name><annotation-value><name>name</name><type>java.lang.String</type><value>AsyncResponseServiceSoap12PortType</value></annotation-value><annotation-value><name>serviceName</name><type>java.lang.String</type><value>AsyncResponseServiceSoap12</value></annotation-value><annotation-value><name>targetNamespace</name><type>java.lang.String</type><value>http://www.bea.com/async/AsyncResponseServiceSoap12</value></annotation-value><annotation-value><name>portName</name><type>java.lang.String</type><value></value></annotation-value><annotation-value><name>wsdlLocation</name><type>java.lang.String</type><value></value></annotation-value><annotation-value><name>endpointInterface</name><type>java.lang.String</type><value></value></annotation-value></annotation><annotation><name>weblogic.jws.WLJmsTransport</name><annotation-value><name>portName</name><type>java.lang.String</type><value>AsyncResponseServiceSoap12Jms</value></annotation-value><annotation-value><name>contextPath</name><type>java.lang.String</type><value>_async</value></annotation-value><annotation-value><name>serviceUri</name><type>java.lang.String</type><value>AsyncResponseServiceSoap12Jms</value></annotation-value><annotation-value><name>queue</name><type>java.lang.String</type><value></value></annotation-value><annotation-value><name>connectionFactory</name><type>java.lang.String</type><value></value></annotation-value></annotation><annotation><name>weblogic.jws.WLHttpsTransport</name><annotation-value><name>portName</name><type>java.lang.String</type><value>AsyncResponseServiceSoap12Https</value></annotation-value><annotation-value><name>contextPath</name><type>java.lang.String</type><value>_async</value></annotation-value><annotation-value><name>serviceUri</name><type>java.lang.String</type><value>AsyncResponseServiceSoap12Https</value></annotation-value></annotation><annotation><name>weblogic.jws.WLHttpTransport</name><annotation-value><name>portName</name><type>java.lang.String</type><value>AsyncResponseServiceSoap12</value></annotation-value><annotation-value><name>contextPath</name><type>java.lang.String</type><value>_async</value></annotation-value><annotation-value><name>serviceUri</name><type>java.lang.String</type><value>AsyncResponseServiceSoap12</value></annotation-value></