<?xml version='1.0' encoding='UTF-8'?>
<j2ee:java-wsdl-mapping xmlns:j2ee="http://java.sun.com/xml/ns/j2ee" xmlns:xsi="http://www.w3.org/2001/XMLSchema-instance">
  <j2ee:package-mapping>
    <j2ee:package-type>weblogic.wsee.async</j2ee:package-type>
    <j2ee:namespaceURI>http://www.bea.com/async/AsyncResponseService</j2ee:namespaceURI>
  </j2ee:package-mapping>
  <j2ee:service-interface-mapping>
    <j2ee:service-interface>javax.xml.rpc.Service</j2ee:service-interface>
    <j2ee:wsdl-service-name xmlns:asy="http://www.bea.com/async/AsyncResponseService">asy:AsyncResponseService</j2ee:wsdl-service-name>
    <j2ee:port-mapping>
      <j2ee:port-name>AsyncResponseService</j2ee:port-name>
      <j2ee:java-port-name>getAsyncResponseService</j2ee:java-port-name>
    </j2ee:port-mapping>
    <j2ee:port-mapping>
      <j2ee:port-name>AsyncResponseServiceHttps</j2ee:port-name>
      <j2ee:java-port-name>getAsyncResponseServiceHttps</j2ee:java-port-name>
    </j2ee:port-mapping>
    <j2ee:port-mapping>
      <j2ee:port-name>AsyncResponseServiceJms</j2ee:port-name>
      <j2ee:java-port-name>getAsyncResponseServiceJms</j2ee:java-port-name>
    </j2ee:port-mapping>
  </j2ee:service-interface-mapping>
  <j2ee:service-endpoint-interface-mapping>
    <j2ee:service-endpoint-interface>weblogic.wsee.async.AsyncResponseBeanPortType</j2ee:service-endpoint-interface>
    <j2ee:wsdl-port-type xmlns:asy="http://www.bea.com/async/AsyncResponseService">asy:AsyncResponseServicePortType</j2ee:wsdl-port-type>
    <j2ee:wsdl-binding xmlns:asy="http://www.bea.com/async/AsyncResponseService">asy:AsyncResponseServiceSoapBindinghttps</j2ee:wsdl-binding>
    <j2ee:service-endpoint-method-mapping>
      <j2ee:java-method-name>onAsyncDelivery</j2ee:java-method-name>
      <j2ee:wsdl-operation>onAsyncDelivery</j2ee:wsdl-operation>
      <j2ee:wrapped-element></j2ee:wrapped-element>
    </j2ee:service-endpoint-method-mapping>
  </j2ee:service-endpoint-interface-mapping>
  <j2ee:service-endpoint-interface-mapping>
    <j2ee:service-endpoint-interface>weblogic.wsee.async.AsyncResponseBeanPortType</j2ee:service-endpoint-interface>
    <j2ee:wsdl-port-type xmlns:asy="http://www.bea.com/async/AsyncResponseService">asy:AsyncResponseServicePortType</j2ee:wsdl-port-type>
    <j2ee:wsdl-binding xmlns:asy="http://www.bea.com/async/AsyncResponseService">asy:AsyncResponseServiceSoapBindingjms</j2ee:wsdl-binding>
    <j2ee:service-endpoint-method-mapping>
      <j2ee:java-method-name>onAsyncDelivery</j2ee:java-method-name>
      <j2ee:wsdl-operation>onAsyncDelivery</j2ee:wsdl-operation>
      <j2ee:wrapped-element></j2ee:wrapped-element>
    </j2ee:service-endpoint-method-mapping>
  </j2ee:service-endpoint-interface-mapping>
  <j2ee:service-endpoint-interface-mapping>
    <j2ee:service-endpoint-interface>weblogic.wsee.async.AsyncResponseBeanPortType</j2ee:service-endpoint-interface>
    <j2ee:wsdl-port-type xmlns:asy="http://www.bea.com/async/AsyncResponseService">asy:AsyncResponseServicePortType</j2ee:wsdl-port-type>
    <j2ee:wsdl-binding xmlns:asy="http://www.bea.com/async/AsyncResponseService">asy:AsyncResponseServiceSoapBindinghttp</j2ee:wsdl-binding>
    <j2ee:service-endpoint-method-mapping>
      <j2ee:java-method-name>onAsyncDelivery</j2ee:java-method-name>
      <j2ee:wsdl-operation>onAsyncDelivery</j2ee:wsdl-operation>
      <j2ee:wrapped-element></j2ee:wrapped-element>
    </j2ee:service-endpoint-method-mapping>
  </j2ee:service-endpoint-interface-mapping>
</j2ee:java-wsdl-mapping>
